Factor,AOS time,SOA time
1,0.0086736,0.00964672
2,0.0280202,0.0271914
3,0.0226925,0.0234141
4,0.0371581,0.0390973
5,0.0542589,0.0597312
10,0.26407,0.282542
15,0.569349,0.603983
20,1.0047,1.11231
40,4.40159,4.4451
