Factor,AOS time,SOA time
1,4.32998,4.76385
2,18.3161,19.1807
3,39.6693,41.8212
4,71.5423,74.5657
5,111.673,116.918
10,708.388,492.42
20,2048.54,1920.5
40,8107.63,8257.57
60,18365.7,18709.9
100,52042.6,54173.2
