Size,SOA Tiled Time,SOA Notiled Time
3,1.56127,1.23478
5,2.3806,2.52207
7,3.90795,4.28716
9,5.74173,5.94686
11,7.70938,8.60388
15,13.8063,15.931
21,26.5825,30.8069
25,37.5956,43.1172
