Size,SOA Tiled Time,SOA Notiled Time
3,1.43941,1.16518
5,1.96171,2.07044
7,3.42937,3.76517
9,5.35591,5.86409
11,7.83993,8.63911
15,14.2325,15.767
21,27.1078,30.2285
25,38.3421,41.771
