Dim Block,SOA Tiled Time
2,94.626
4,18.2456
8,8.22462
16,7.92188
32,8.85305
