Dim Block,SOA Tiled Time
2,93.7043
4,17.5899
8,8.07481
16,7.73214
32,8.60057
