Size,AOS Tiled Time,AOS Notiled Time
3,1.73186,1.10109
5,2.0675,2.12509
7,3.43204,3.93398
9,5.31671,6.33418
11,7.7488,9.36342
15,14.1812,17.2628
21,27.0606,33.6659
25,38.0414,47.6325
