Factor,AOS time,SOA time
1,0.0808029,0.031697
2,0.0436106,0.0447658
3,0.10283,0.0988624
4,0.0674317,0.0689478
5,0.10216,0.09688
10,0.5222,0.555877
15,0.867613,0.869992
20,1.45964,1.47245
40,5.93824,5.22283
60,11.7889,11.1025
100,31.5051,777.651
