Factor,AOS time,SOA time
1,0.0250595,0.0751488
2,0.0556262,0.062032
3,0.0525018,0.0532954
4,0.0594058,0.0609667
5,0.090295,0.0972483
10,0.315647,0.318203
15,0.638855,0.632182
20,1.03838,1.11626
40,4.78541,4.44003
60,9.64048,9.30326
100,24.9018,759.382
