Dim Block,AOS Tiled Time
2,97.1811
4,18.608
8,8.25221
16,7.79417
32,9.01296
